SET SCHEMA FN71837@


--INSERT INTO FIGHTERS--

INSERT INTO  FN71837.FIGHTERS (FNO, FIRSTNAME, LASTNAME, BIRTHDATE, SEX, WORKCOMP, WINS, LOSES, SALARY, DIVISION, FSTATUS, COUNTRY) 
	VALUES ( '001', 'Nate', 'Diaz', '1985-04-16', 'M', 'UFC', '20', '12', '500000', 'Flightweight', 'NC', 'USA' )@
	
INSERT INTO  FN71837.FIGHTERS (FNO, FIRSTNAME, LASTNAME, BIRTHDATE, SEX, WORKCOMP, WINS, LOSES, SALARY, DIVISION, FSTATUS, COUNTRY) 
	VALUES ( '002', 'Khabib', 'Nurmagomedov', '1988-09-20', 'M', 'UFC', '29', '0', '1000000', 'Flightweight', 'C','RUSSIA' )@

INSERT INTO  FN71837.FIGHTERS (FNO, FIRSTNAME, LASTNAME, BIRTHDATE, SEX, WORKCOMP, WINS, LOSES, SALARY, DIVISION, FSTATUS, COUNTRY) 
	VALUES ( '003', 'Conor', 'McGregor', '1988-07-14', 'M', 'UFC', '22', '4', '2000000', 'Flightweight', 'NC','IRELAND' )@
	
INSERT INTO  FN71837.FIGHTERS (FNO, FIRSTNAME, LASTNAME, BIRTHDATE, SEX, WORKCOMP, WINS, LOSES, SALARY, DIVISION, FSTATUS, COUNTRY) 
	VALUES ( '004', 'Dustin', 'Poirier', '1989-01-19', 'M', 'UFC', '26', '6', '400000', 'Flightweight', 'NC','USA' )@
	
INSERT INTO  FN71837.FIGHTERS (FNO, FIRSTNAME, LASTNAME, BIRTHDATE, SEX, WORKCOMP, WINS, LOSES, SALARY, DIVISION, FSTATUS, COUNTRY) 
	VALUES ( '005', 'Tyron', 'Woodley', '1982-04-07', 'M', 'UFC', '19', '6', '300000', 'Welterweight', 'NC','USA' )@
	
INSERT INTO  FN71837.FIGHTERS (FNO, FIRSTNAME, LASTNAME, BIRTHDATE, SEX, WORKCOMP, WINS, LOSES, SALARY, DIVISION, FSTATUS, COUNTRY) 
	VALUES ( '006', 'Stephen', 'Thompson', '1983-02-11', 'M', 'UFC', '19', '4', '350000', 'Welterweight', 'NC','USA' )@
	
INSERT INTO  FN71837.FIGHTERS (FNO, FIRSTNAME, LASTNAME, BIRTHDATE, SEX, WORKCOMP, WINS, LOSES, SALARY, DIVISION, FSTATUS, COUNTRY) 
	VALUES ( '007', 'Colby', 'Covington', '1988-02-22', 'M', 'UFC', '18', '2', '450000', 'Welterweight', 'NC','USA' )@
	
INSERT INTO  FN71837.FIGHTERS (FNO, FIRSTNAME, LASTNAME, BIRTHDATE, SEX, WORKCOMP, WINS, LOSES, SALARY, DIVISION, FSTATUS, COUNTRY) 
	VALUES ( '008', 'Kamaru', 'Usman', '1987-05-11', 'M', 'UFC', '17', '1', '600000', 'Welterweight', 'C','NIGERIA' )@
	
INSERT INTO  FN71837.FIGHTERS (FNO, FIRSTNAME, LASTNAME, BIRTHDATE, SEX, WORKCOMP, WINS, LOSES, SALARY, DIVISION, FSTATUS, COUNTRY) 
	VALUES ( '009', 'Amanda', 'Nunes', '1988-05-30', 'F', 'UFC', '20', '4', '320000', 'Featherweight', 'C','BRAZIL' )@
	
INSERT INTO  FN71837.FIGHTERS (FNO, FIRSTNAME, LASTNAME, BIRTHDATE, SEX, WORKCOMP, WINS, LOSES, SALARY, DIVISION, FSTATUS, COUNTRY) 
	VALUES ( '010', 'Megan', 'Anderson', '1990-02-11', 'F', 'UFC', '11', '4', '100000', 'Featherweight', 'NC','AUSTRALIA' )@
	
INSERT INTO  FN71837.FIGHTERS (FNO, FIRSTNAME, LASTNAME, BIRTHDATE, SEX, WORKCOMP, WINS, LOSES, SALARY, DIVISION, FSTATUS, COUNTRY) 
	VALUES ( '011', 'Leah', 'Ledson', '1988-12-23', 'F', 'UFC', '4', '1', '60000', 'Featherweight', 'NC','USA' )@
	
INSERT INTO  FN71837.FIGHTERS (FNO, FIRSTNAME, LASTNAME, BIRTHDATE, SEX, WORKCOMP, WINS, LOSES, SALARY, DIVISION, FSTATUS, COUNTRY) 
	VALUES ( '012', 'Felicia', 'Spencer', '1990-11-20', 'F', 'UFC', '8', '2', '90000', 'Featherweight', 'NC','CANADA' )@
	
INSERT INTO  FN71837.FIGHTERS (FNO, FIRSTNAME, LASTNAME, BIRTHDATE, SEX, WORKCOMP, WINS, LOSES, SALARY, DIVISION, FSTATUS, COUNTRY) 
	VALUES ( '013', 'Maryna', 'Moroz', '1991-09-08', 'F', 'UFC', '10', '3', '40000', 'Flyweight', 'NC','UKRAINE' )@
	
INSERT INTO  FN71837.FIGHTERS (FNO, FIRSTNAME, LASTNAME, BIRTHDATE, SEX, WORKCOMP, WINS, LOSES, SALARY, DIVISION, FSTATUS, COUNTRY) 
	VALUES ( '014', 'Valentina', 'Shevchenko', '1988-03-07', 'F', 'UFC', '20', '3', '430000', 'Flyweight', 'C','KYRGYZSTANI' )@		
	
INSERT INTO  FN71837.FIGHTERS (FNO, FIRSTNAME, LASTNAME, BIRTHDATE, SEX, WORKCOMP, WINS, LOSES, SALARY, DIVISION, FSTATUS, COUNTRY) 
	VALUES ( '015', 'Justine', 'Kish', '1988-04-13', 'F', 'UFC', '7', '3', '120000', 'Flyweight', 'NC','USA' )@
	
INSERT INTO  FN71837.FIGHTERS (FNO, FIRSTNAME, LASTNAME, BIRTHDATE, SEX, WORKCOMP, WINS, LOSES, SALARY, DIVISION, FSTATUS, COUNTRY) 
	VALUES ( '016', 'Joanne', 'Calderwood', '1986-12-23', 'F', 'UFC', '14', '5', '70000', 'Flyweight', 'NC','SCOTLAND' )@		
	
INSERT INTO  FN71837.FIGHTERS (FNO, FIRSTNAME, LASTNAME, BIRTHDATE, SEX, WORKCOMP, WINS, LOSES, SALARY, DIVISION, FSTATUS, COUNTRY) 
	VALUES ( '017', 'Andrey', 'Koreshkov', '1990-08-23', 'M', 'Bellator', '13', '4', '50000', 'Welterweight', 'NC','RUSSIA' )@	
	
INSERT INTO  FN71837.FIGHTERS (FNO, FIRSTNAME, LASTNAME, BIRTHDATE, SEX, WORKCOMP, WINS, LOSES, SALARY, DIVISION, FSTATUS, COUNTRY) 
	VALUES ( '018', 'Michael', 'Page', '1987-04-07', 'M', 'Bellator', '14', '1', '80000', 'Welterweight', 'NC','UNITED KINGDOM' )@
	
INSERT INTO  FN71837.FIGHTERS (FNO, FIRSTNAME, LASTNAME, BIRTHDATE, SEX, WORKCOMP, WINS, LOSES, SALARY, DIVISION, FSTATUS, COUNTRY) 
	VALUES ( '019', 'Joey', 'Davis', '1993-12-29', 'M', 'Bellator', '8', '0', '65000', 'Welterweight', 'NC','USA' )@	
	
INSERT INTO  FN71837.FIGHTERS (FNO, FIRSTNAME, LASTNAME, BIRTHDATE, SEX, WORKCOMP, WINS, LOSES, SALARY, DIVISION, FSTATUS, COUNTRY) 
	VALUES ( '020', 'Douglas', 'Lima', '1988-01-05', 'M', 'Bellator', '14', '3', '100000', 'Welterweight', 'C','BRAZIL' )@
	
INSERT INTO  FN71837.FIGHTERS (FNO, FIRSTNAME, LASTNAME, BIRTHDATE, SEX, WORKCOMP, WINS, LOSES, SALARY, DIVISION, FSTATUS, COUNTRY) 
	VALUES ( '021', 'Patricky', 'Freire', '1986-01-21', 'M', 'Bellator', '23', '9', '20000', 'Leightweight', 'NC','BRAZIL' )@	
	
INSERT INTO  FN71837.FIGHTERS (FNO, FIRSTNAME, LASTNAME, BIRTHDATE, SEX, WORKCOMP, WINS, LOSES, SALARY, DIVISION, FSTATUS, COUNTRY) 
	VALUES ( '022', 'Adam', 'Piccolotti', '1988-08-23', 'M', 'Bellator', '12', '4', '35000', 'Leightweight', 'NC','USA' )@
	
INSERT INTO  FN71837.FIGHTERS (FNO, FIRSTNAME, LASTNAME, BIRTHDATE, SEX, WORKCOMP, WINS, LOSES, SALARY, DIVISION, FSTATUS, COUNTRY) 
	VALUES ( '023', 'Alfie', 'Davis', '1987-01-28', 'M', 'Bellator', '14', '3', '22000', 'Leightweight', 'NC','UNITED KINGDOM' )@
	
INSERT INTO  FN71837.FIGHTERS (FNO, FIRSTNAME, LASTNAME, BIRTHDATE, SEX, WORKCOMP, WINS, LOSES, SALARY, DIVISION, FSTATUS, COUNTRY) 
	VALUES ( '024', 'Patricio', 'Freire', '1987-07-07', 'M', 'Bellator', '31', '4', '200000', 'Leightweight', 'C','BRAZIL' )@
	
INSERT INTO  FN71837.FIGHTERS (FNO, FIRSTNAME, LASTNAME, BIRTHDATE, SEX, WORKCOMP, WINS, LOSES, SALARY, DIVISION, FSTATUS, COUNTRY) 
	VALUES ( '025', 'Julia', 'Budd', '1983-07-04', 'F', 'Bellator', '14', '3', '20000', 'Featherweight', 'NC','CANADA' )@
	
INSERT INTO  FN71837.FIGHTERS (FNO, FIRSTNAME, LASTNAME, BIRTHDATE, SEX, WORKCOMP, WINS, LOSES, SALARY, DIVISION, FSTATUS, COUNTRY) 
	VALUES ( '026', 'Arlene', 'Blencowe', '1983-04-11', 'F', 'Bellator', '13', '8', '10000', 'Featherweight', 'NC','AUSTRALIA' )@
	
INSERT INTO  FN71837.FIGHTERS (FNO, FIRSTNAME, LASTNAME, BIRTHDATE, SEX, WORKCOMP, WINS, LOSES, SALARY, DIVISION, FSTATUS, COUNTRY) 
	VALUES ( '027', 'Chris', 'Cyborg', '1985-07-09', 'F', 'Bellator', '23', '2', '250000', 'Featherweight', 'C','BRAZIL' )@
	
INSERT INTO  FN71837.FIGHTERS (FNO, FIRSTNAME, LASTNAME, BIRTHDATE, SEX, WORKCOMP, WINS, LOSES, SALARY, DIVISION, FSTATUS, COUNTRY) 
	VALUES ( '028', 'Danni', 'Neilan', '1990-07-21', 'F', 'Bellator', '3', '0', '10000', 'Strawweight', 'NC','IRELAND' )@												

INSERT INTO  FN71837.FIGHTERS (FNO, FIRSTNAME, LASTNAME, BIRTHDATE, SEX, WORKCOMP, WINS, LOSES, SALARY, DIVISION, FSTATUS, COUNTRY) 
	VALUES ( '029', 'Chiara', 'Penco', '1988-09-12', 'F', 'Bellator', '5', '2', '24000', 'Strawweight', 'NC','ITALY' )@		
	
INSERT INTO  FN71837.FIGHTERS (FNO, FIRSTNAME, LASTNAME, BIRTHDATE, SEX, WORKCOMP, WINS, LOSES, SALARY, DIVISION, FSTATUS, COUNTRY) 
	VALUES ( '030', 'Tony', 'Johnson', '1986-02-07', 'M', 'ACA', '14', '5', '300000', 'Heavyweight', 'C','USA' )@			
	
INSERT INTO  FN71837.FIGHTERS (FNO, FIRSTNAME, LASTNAME, BIRTHDATE, SEX, WORKCOMP, WINS, LOSES, SALARY, DIVISION, FSTATUS, COUNTRY) 
	VALUES ( '031', 'Daniel', 'Omielanczuk', '1982-08-31', 'M', 'ACA', '24', '10', '150000', 'Heavyweight', 'NC','POLAND' )@
	
INSERT INTO  FN71837.FIGHTERS (FNO, FIRSTNAME, LASTNAME, BIRTHDATE, SEX, WORKCOMP, WINS, LOSES, SALARY, DIVISION, FSTATUS, COUNTRY) 
	VALUES ( '032', 'Ruslan', 'Magomedov', '1986-11-26', 'M', 'ACA', '15', '2', '220000', 'Heavyweight', 'NC','RUSSIA' )@
	
INSERT INTO  FN71837.FIGHTERS (FNO, FIRSTNAME, LASTNAME, BIRTHDATE, SEX, WORKCOMP, WINS, LOSES, SALARY, DIVISION, FSTATUS, COUNTRY) 
	VALUES ( '033', 'Roggers', 'Souza', '1987-02-03', 'M', 'ACA', '10', '2', '100000', 'Heavyweight', 'NC','BRAZIL' )@	
	
INSERT INTO  FN71837.FIGHTERS (FNO, FIRSTNAME, LASTNAME, BIRTHDATE, SEX, WORKCOMP, WINS, LOSES, SALARY, DIVISION, FSTATUS, COUNTRY) 
	VALUES ( '034', 'Salamu', 'Abdurakhmanov', '1990-02-21', 'M', 'ACA', '12', '1', '360000', 'Middleweight', 'C','RUSSIA' )@	
	
INSERT INTO  FN71837.FIGHTERS (FNO, FIRSTNAME, LASTNAME, BIRTHDATE, SEX, WORKCOMP, WINS, LOSES, SALARY, DIVISION, FSTATUS, COUNTRY) 
	VALUES ( '035', 'Nikola', 'Dipchikov', '1995-09-21', 'M', 'ACA', '20', '7', '120000', 'Middleweight', 'NC','BULGARIA' )@
	
INSERT INTO  FN71837.FIGHTERS (FNO, FIRSTNAME, LASTNAME, BIRTHDATE, SEX, WORKCOMP, WINS, LOSES, SALARY, DIVISION, FSTATUS, COUNTRY) 
	VALUES ( '036', 'Daniel', 'Oliveira', '1991-03-23', 'M', 'ACA', '28', '6', '70000', 'Bantamweight', 'C','BRAZIL' )@		
	
INSERT INTO  FN71837.FIGHTERS (FNO, FIRSTNAME, LASTNAME, BIRTHDATE, SEX, WORKCOMP, WINS, LOSES, SALARY, DIVISION, FSTATUS, COUNTRY) 
	VALUES ( '037', 'Nurbergen', 'Sharipov', '1995-04-17', 'M', 'ACA', '10', '2', '50000', 'Bantamweight', 'NC','KAZAHSTAN' )@	
	
SELECT * FROM FIGHTERS@		

--INSERT INTO COMPANIES--

INSERT INTO COMPANIES (COMPNAME, MANAGER, MGR_SALARY, COMPLOC, STARNO)
    VALUES ('UFC', 'DANA WHITE','1000000', 'Las Vegas, Nevada', '003')@
    
INSERT INTO COMPANIES (COMPNAME, MANAGER, MGR_SALARY, COMPLOC, STARNO)
    VALUES ('Bellator', 'BJORN REBNEY','500000', 'Los Angeles, California', '027')@
    
INSERT INTO COMPANIES (COMPNAME, MANAGER, MGR_SALARY, COMPLOC, STARNO)
    VALUES ('ACA', 'MAIRBEK KHASIEV','300000', 'Grozny, Russia', '030')@
    
SELECT * FROM COMPANIES@

--INSERT INTO EVENTS--

INSERT INTO EVENTS (EVENTNO, COMPNAME, EVENTLOC, EVENTDATE, TICKETPRICE)
	VALUES ('UC001', 'UFC', 'Abu Dhabi', '2003-04-12', '50.00')@
	
INSERT INTO EVENTS (EVENTNO, COMPNAME, EVENTLOC, EVENTDATE, TICKETPRICE)
	VALUES ('UC002', 'UFC', 'Las Vegas', '2005-11-15', '70.00')@
	
INSERT INTO EVENTS (EVENTNO, COMPNAME, EVENTLOC, EVENTDATE, TICKETPRICE)
	VALUES ('BR010', 'Bellator', 'Sofia', '2006-01-05', '30.00')@
	
INSERT INTO EVENTS (EVENTNO, COMPNAME, EVENTLOC, EVENTDATE, TICKETPRICE)
	VALUES ('BR011', 'Bellator', 'Paris', '2010-09-23', '40.00')@
	
INSERT INTO EVENTS (EVENTNO, COMPNAME, EVENTLOC, EVENTDATE, TICKETPRICE)
	VALUES ('AA020', 'ACA', 'Moscow', '2011-11-04', '80.00')@
	
INSERT INTO EVENTS (EVENTNO, COMPNAME, EVENTLOC, EVENTDATE, TICKETPRICE)
	VALUES ('AA021', 'ACA', 'Dagestan', '2007-04-28', '25.00')@
	
SELECT * FROM EVENTS@

--INSERT INTO FIGHTER_ACT--

INSERT INTO FIGHTER_ACT (ACTNO, EVENTNO, FFNO, SFNO, WINNER)
	VALUES ('1', 'UC001', '001', '004', 'Dustin')@
	
INSERT INTO FIGHTER_ACT (ACTNO, EVENTNO, FFNO, SFNO, WINNER)
	VALUES ('1', 'UC001', '002', '003', 'Khabib')@
	
INSERT INTO FIGHTER_ACT (ACTNO, EVENTNO, FFNO, SFNO, WINNER)
	VALUES ('1', 'UC001', '007', '005', 'Colby')@
	
INSERT INTO FIGHTER_ACT (ACTNO, EVENTNO, FFNO, SFNO, WINNER)
	VALUES ('1', 'UC001', '006', '008', 'Kamaru')@
	
INSERT INTO FIGHTER_ACT (ACTNO, EVENTNO, FFNO, SFNO, WINNER)
	VALUES ('2', 'UC002', '009', '011', 'Amanda')@
	
INSERT INTO FIGHTER_ACT (ACTNO, EVENTNO, FFNO, SFNO, WINNER)
	VALUES ('2', 'UC002', '010', '012', 'Megan')@
	
INSERT INTO FIGHTER_ACT (ACTNO, EVENTNO, FFNO, SFNO, WINNER)
	VALUES ('3', 'BR010', '017', '020', 'Douglas')@
	
INSERT INTO FIGHTER_ACT (ACTNO, EVENTNO, FFNO, SFNO, WINNER)
	VALUES ('3', 'BR010', '018', '019', 'Joey')@
	
INSERT INTO FIGHTER_ACT (ACTNO, EVENTNO, FFNO, SFNO, WINNER)
	VALUES ('4', 'BR011', '025', '027', 'Chris')@
	
INSERT INTO FIGHTER_ACT (ACTNO, EVENTNO, FFNO, SFNO, WINNER)
	VALUES ('4', 'BR011', '028', '029', 'Danni')@
	
INSERT INTO FIGHTER_ACT (ACTNO, EVENTNO, FFNO, SFNO, WINNER)
	VALUES ('5', 'AA020', '036', '034', 'Salamu')@
	
INSERT INTO FIGHTER_ACT (ACTNO, EVENTNO, FFNO, SFNO, WINNER)
	VALUES ('5', 'AA020', '031', '032', 'Daniel')@
	
INSERT INTO FIGHTER_ACT (ACTNO, EVENTNO, FFNO, SFNO, WINNER)
	VALUES ('6', 'AA021', '033', '030', 'Tony')@

SELECT * FROM FIGHTER_ACT@
